"team","year","NCSOS"
"Duke",2025,9.46
"Houston",2025,2.62
"Florida",2025,-2.2
"Auburn",2025,10.51
"Tennessee",2025,-1.04
"Alabama",2025,12.62
"Michigan St.",2025,0.27
"Gonzaga",2025,8.99
"Texas Tech",2025,-4.68
"Maryland",2025,-10.46
"Iowa St.",2025,-1.14
"Wisconsin",2025,0.01
"Arizona",2025,5.19
"St. John's",2025,-0.2
"Purdue",2025,10.52
"Kentucky",2025,3.64
"Illinois",2025,3.6
"Texas A&M",2025,7.67
"Missouri",2025,-9.28
"UCLA",2025,-5.15
"Michigan",2025,3.95
"Mississippi",2025,-0.55
"Clemson",2025,3.67
"Kansas",2025,8.86
"Saint Mary's",2025,5.47
"BYU",2025,-8.05
"Oregon",2025,3.98
"Louisville",2025,7.18
"Marquette",2025,8.64
"Baylor",2025,7.93
"North Carolina",2025,13.4
"Connecticut",2025,-0.39
"Mississippi St.",2025,0.65
"VCU",2025,-4.12
"Creighton",2025,5.73
"Arkansas",2025,-2.61
"Ohio St.",2025,3.22
"Georgia",2025,-5.76
"UC San Diego",2025,-2.19
"Oklahoma",2025,-5.33
"New Mexico",2025,5.42
"Colorado St.",2025,1.39
"Xavier",2025,-1.1
"Northwestern",2025,-2.25
"Indiana",2025,1.5
"Nebraska",2025,-2.92
"Texas",2025,-8.1
"Vanderbilt",2025,-6.82
"Boise St.",2025,1.51
"SMU",2025,-3.77
"San Diego St.",2025,13.55
"Drake",2025,-2.74
"West Virginia",2025,0.98
"Memphis",2025,15.73
"Cincinnati",2025,-4.92
"Villanova",2025,-6.34
"USC",2025,-1.97
"Penn St.",2025,-10.64
"Santa Clara",2025,3.65
"McNeese",2025,8.79
"Utah St.",2025,0.68
"Iowa",2025,-8.36
"Pittsburgh",2025,3.76
"Liberty",2025,-2.87
"Kansas St.",2025,-1.18
"San Francisco",2025,-1.18
"UCF",2025,-1.17
"UC Irvine",2025,4.18
"South Carolina",2025,-2.11
"Rutgers",2025,-2.32
"North Texas",2025,1.9
"Wake Forest",2025,-1.92
"Arizona St.",2025,8.13
"Yale",2025,-0.85
"Butler",2025,3.06
"Utah",2025,-9.6
"Dayton",2025,4.92
"Nevada",2025,2
"George Mason",2025,-5.47
"Oregon St.",2025,-4.42
"Stanford",2025,-4.04
"High Point",2025,-5.75
"Minnesota",2025,-5.97
"Arkansas St.",2025,1.02
"Saint Joseph's",2025,-4.33
"TCU",2025,2.81
"Colorado",2025,-1.53
"LSU",2025,-7.01
"Lipscomb",2025,4.22
"Georgetown",2025,-11.49
"Florida St.",2025,-2.6
"Bradley",2025,-2.9
"UNLV",2025,3.62
"Chattanooga",2025,0.2
"Troy",2025,1.44
"Providence",2025,-0.65
"Oklahoma St.",2025,-3.07
"Notre Dame",2025,-0.23
"UAB",2025,-8.4
"Akron",2025,1.79
"Grand Canyon",2025,-3.52
"Northern Iowa",2025,-1.6
"Georgia Tech",2025,-8.11
"Washington",2025,-4.3
"UNC Wilmington",2025,-5.14
"Virginia",2025,0.81
"Loyola Chicago",2025,-9.03
"Jacksonville St.",2025,-0.13
"South Alabama",2025,-2.59
"California",2025,-1.59
"Kent St.",2025,2.09
"Utah Valley",2025,0.62
"North Alabama",2025,-3.01
"Wofford",2025,4.88
"Syracuse",2025,2.58
"Florida Atlantic",2025,4.34
"CSUN",2025,-5.5
"Samford",2025,-0.26
"Middle Tennessee",2025,2.97
"Washington St.",2025,2.66
"Saint Louis",2025,-0.37
"DePaul",2025,-9.46
"St. Bonaventure",2025,-4.46
"Belmont",2025,-1.82
"N.C. State",2025,-5.22
"Northern Colorado",2025,1.93
"Louisiana Tech",2025,-2.56
"George Washington",2025,-11.28
"Cornell",2025,-2.37
"St. Thomas",2025,-0.55
"Kennesaw St.",2025,3.13
"Illinois St.",2025,-1.56
"Robert Morris",2025,-8.52
"New Mexico St.",2025,1.68
"North Dakota St.",2025,-0.25
"Wichita St.",2025,1.02
"South Dakota St.",2025,4.07
"Murray St.",2025,1.39
"Furman",2025,0.07
"Duquesne",2025,-2.11
"Milwaukee",2025,2.43
"East Tennessee St.",2025,-3.63
"UNC Greensboro",2025,1.12
"Tulane",2025,-6.46
"Seattle",2025,4.84
"Miami OH",2025,-3.21
"Davidson",2025,-4.75
"UC Santa Barbara",2025,-8.74
"Bryant",2025,0.34
"Texas A&M Corpus Chris",2025,4.04
"Radford",2025,1.51
"Towson",2025,3.51
"Charleston",2025,0.01
"Cleveland St.",2025,0.38
"Loyola Marymount",2025,-0.41
"Purdue Fort Wayne",2025,0.94
"Rhode Island",2025,-6.64
"Lamar",2025,3.99
"UC Riverside",2025,8.7
"James Madison",2025,3.73
"Western Kentucky",2025,1.99
"UTEP",2025,0.59
"Montana",2025,8.5
"Virginia Tech",2025,-1.29
"Nebraska Omaha",2025,0.38
"Winthrop",2025,-3.67
"Nicholls",2025,8.3
"Marshall",2025,-4.38
"San Jose St.",2025,-3.49
"Appalachian St.",2025,3.1
"Illinois Chicago",2025,2.34
"Cal Baptist",2025,-0.17
"Temple",2025,-2.21
"Oakland",2025,14.14
"Sam Houston St.",2025,7.21
"East Carolina",2025,-5.48
"Princeton",2025,0.01
"Norfolk St.",2025,2.92
"Florida Gulf Coast",2025,3.26
"Central Connecticut",2025,-3.03
"Boston College",2025,-6.7
"Cal Poly",2025,4.77
"Drexel",2025,-5.3
"Merrimack",2025,7.08
"Wyoming",2025,-3.15
"Southeastern Louisiana",2025,-0.53
"Eastern Kentucky",2025,4.41
"Rice",2025,-7.85
"Montana St.",2025,4.83
"Southern Illinois",2025,2.27
"UTSA",2025,1.68
"South Carolina St.",2025,0.28
"Miami FL",2025,-2.2
"Texas St.",2025,-0.45
"Ohio",2025,-1.35
"South Florida",2025,-5.47
"Indiana St.",2025,-4.09
"Central Michigan",2025,11.59
"Youngstown St.",2025,-5.93
"Jacksonville",2025,6.63
"UNC Asheville",2025,-0.76
"Southeast Missouri",2025,4.08
"Dartmouth",2025,-6.6
"Seton Hall",2025,-2.9
"Valparaiso",2025,-4.25
"Elon",2025,-0.53
"Portland St.",2025,-1.35
"Brown",2025,-5.75
"Northeastern",2025,-3.82
"Longwood",2025,-4.07
"Idaho St.",2025,2.17
"Queens",2025,0.69
"Quinnipiac",2025,-0.28
"Wright St.",2025,0.76
"Hampton",2025,-0.06
"Pepperdine",2025,-4.32
"SIUE",2025,-3.33
"Hofstra",2025,1.85
"Maine",2025,-4.05
"Campbell",2025,-4.13
"Abilene Christian",2025,0.87
"Massachusetts",2025,-3.72
"Northwestern St.",2025,11.48
"Incarnate Word",2025,-5.26
"Little Rock",2025,2.42
"Bucknell",2025,0.2
"Hawaii",2025,-2.19
"UT Arlington",2025,-0.16
"La Salle",2025,-1.43
"Northern Kentucky",2025,3.36
"Southern",2025,11.88
"William & Mary",2025,-1.33
"Presbyterian",2025,-0.77
"UT Rio Grande Valley",2025,-0.09
"Delaware",2025,-1.53
"Toledo",2025,3.91
"Fordham",2025,-3.37
"Kansas City",2025,0.46
"Missouri St.",2025,-0.13
"South Dakota",2025,-3.98
"Manhattan",2025,-5.94
"Vermont",2025,-0.9
"Mount St. Mary's",2025,-1.32
"UMass Lowell",2025,-3.94
"Cal St. Bakersfield",2025,-2.43
"Jackson St.",2025,16.15
"Richmond",2025,-2.98
"American",2025,1.29
"Georgia Southern",2025,-3.11
"UC Davis",2025,1.74
"Northern Arizona",2025,-4.7
"Tennessee St.",2025,-0.13
"Siena",2025,-1.28
"Evansville",2025,0.7
"FIU",2025,-6.56
"Harvard",2025,-3.19
"Charlotte",2025,-4.28
"Mercer",2025,-1.96
"Fresno St.",2025,-2.37
"Iona",2025,-2.88
"Colgate",2025,2.5
"Georgia St.",2025,-1.77
"Sacred Heart",2025,-2.88
"Gardner Webb",2025,-0.06
"North Dakota",2025,2.65
"North Florida",2025,6.89
"Tulsa",2025,-9.34
"Monmouth",2025,2.37
"Alabama St.",2025,6.06
"Portland",2025,-4.07
"Stephen F. Austin",2025,1.23
"Houston Christian",2025,5.12
"Marist",2025,-11.75
"Ball St.",2025,-6.74
"Albany",2025,-4.73
"Navy",2025,-6.63
"Eastern Michigan",2025,-3.01
"Texas Southern",2025,12.38
"Columbia",2025,-10.7
"Austin Peay",2025,5.06
"Idaho",2025,1.44
"Old Dominion",2025,-2.88
"Lehigh",2025,3.24
"Pacific",2025,-0.21
"LIU",2025,-2.73
"Bethune Cookman",2025,9.07
"VMI",2025,-2.79
"Tarleton St.",2025,7.26
"Bowling Green",2025,-6.78
"Western Michigan",2025,-0.03
"Lafayette",2025,-5.4
"Tennessee Martin",2025,2.78
"Southern Miss",2025,0.5
"Penn",2025,-1.76
"Eastern Washington",2025,6.17
"Southern Utah",2025,0.24
"San Diego",2025,-4.45
"Saint Peter's",2025,-0.12
"UMBC",2025,-5.65
"Weber St.",2025,2.78
"Utah Tech",2025,3.11
"Charleston Southern",2025,4.26
"Tennessee Tech",2025,0.65
"Boston University",2025,-5.96
"Loyola MD",2025,-5.46
"Fairleigh Dickinson",2025,2.72
"Delaware St.",2025,-1.21
"Long Beach St.",2025,1.95
"Saint Francis",2025,7.98
"Air Force",2025,-4.12
"Denver",2025,-0.76
"IU Indy",2025,-3.07
"Louisiana",2025,1.59
"Howard",2025,1.93
"Rider",2025,0.22
"Eastern Illinois",2025,11.45
"Florida A&M",2025,19.52
"Army",2025,-5.18
"Grambling St.",2025,10.97
"Binghamton",2025,-5.54
"Holy Cross",2025,-0.73
"Niagara",2025,-5.23
"Stonehill",2025,-2.97
"North Carolina Central",2025,-0.49
"Alcorn St.",2025,13.29
"East Texas A&M",2025,4.9
"Lindenwood",2025,5.05
"Morehead St.",2025,5.37
"Coastal Carolina",2025,-6.04
"Oral Roberts",2025,7.6
"Morgan St.",2025,-3.98
"Green Bay",2025,3.77
"Stony Brook",2025,-1.17
"Fairfield",2025,-3.16
"Southern Indiana",2025,-2.3
"North Carolina A&T",2025,-1.47
"Detroit Mercy",2025,1.21
"Western Carolina",2025,6.9
"Buffalo",2025,0.38
"USC Upstate",2025,2.56
"New Orleans",2025,10.75
"Mercyhurst",2025,-1.74
"Northern Illinois",2025,-0.53
"Louisiana Monroe",2025,-3.64
"Western Illinois",2025,-2.26
"Wagner",2025,-2.1
"Bellarmine",2025,-1.32
"Sacramento St.",2025,-1.26
"Central Arkansas",2025,2.28
"West Georgia",2025,1.94
"Cal St. Fullerton",2025,4.51
"Stetson",2025,0.04
"NJIT",2025,-4.05
"Le Moyne",2025,0.28
"The Citadel",2025,-7.72
"New Hampshire",2025,-3.51
"Prairie View A&M",2025,11.16
"Maryland Eastern Shore",2025,10.16
"Canisius",2025,3.85
"Alabama A&M",2025,1.93
"Coppin St.",2025,4.13
"Chicago St.",2025,8.36
"Arkansas Pine Bluff",2025,7.17
"Mississippi Valley St.",2025,18.2
"Connecticut",2024,-3.4
"Houston",2024,-1.02
"Purdue",2024,10.58
"Auburn",2024,1.47
"Tennessee",2024,8.97
"Arizona",2024,10.47
"Duke",2024,-0.04
"Iowa St.",2024,-7.05
"North Carolina",2024,6.99
"Illinois",2024,-2.33
"Creighton",2024,4.99
"Gonzaga",2024,7.7
"Marquette",2024,8.21
"Alabama",2024,9.46
"Baylor",2024,3.36
"Michigan St.",2024,4.62
"Wisconsin",2024,6.22
"BYU",2024,-5.67
"Clemson",2024,4.91
"Saint Mary's",2024,5.2
"St. John's",2024,1.64
"San Diego St.",2024,10.56
"Kentucky",2024,-0.17
"Colorado",2024,-1.47
"Texas",2024,-3.13
"Florida",2024,2.02
"Kansas",2024,5.2
"Wake Forest",2024,-1.85
"New Mexico",2024,-0.5
"Nebraska",2024,-5.41
"Texas Tech",2024,-2.63
"Dayton",2024,6.97
"Pittsburgh",2024,-6.46
"Mississippi St.",2024,0.68
"Texas A&M",2024,5.1
"Colorado St.",2024,5.84
"Villanova",2024,5.89
"Indiana St.",2024,-4.4
"Cincinnati",2024,-4.17
"Nevada",2024,-1.43
"Northwestern",2024,-7.35
"Washington St.",2024,-5.27
"TCU",2024,-8.39
"Boise St.",2024,8.08
"N.C. State",2024,-4.99
"Oklahoma",2024,-5.38
"Florida Atlantic",2024,6.63
"Utah",2024,5.52
"Ohio St.",2024,-1.94
"Seton Hall",2024,-1.47
"Utah St.",2024,1.78
"Grand Canyon",2024,-1.67
"Drake",2024,-1.34
"South Carolina",2024,-5.83
"Oregon",2024,-0.11
"Xavier",2024,4.87
"Iowa",2024,-1.15
"Virginia Tech",2024,2.51
"Providence",2024,-2.06
"Washington",2024,5.96
"Butler",2024,2.05
"Maryland",2024,-4.94
"James Madison",2024,-6.82
"Bradley",2024,2.72
"San Francisco",2024,-2.51
"UCF",2024,-5.96
"McNeese St.",2024,4.47
"Virginia",2024,-1.09
"Princeton",2024,3.14
"Kansas St.",2024,0.06
"Boston College",2024,-0.74
"SMU",2024,0.33
"UNLV",2024,3.71
"North Texas",2024,4.24
"VCU",2024,0.34
"Memphis",2024,5.32
"Penn St.",2024,-3.95
"Minnesota",2024,-12.77
"Florida St.",2024,2.89
"Syracuse",2024,3.27
"Samford",2024,-5.47
"UC Irvine",2024,5.68
"Appalachian St.",2024,0.21
"Georgia",2024,0.42
"USC",2024,6.32
"Mississippi",2024,-1.54
"South Florida",2024,-4.18
"Duquesne",2024,1.51
"Richmond",2024,-3.01
"Yale",2024,5.01
"Indiana",2024,-0.89
"Massachusetts",2024,-5.4
"Loyola Chicago",2024,-3.5
"Louisiana Tech",2024,3.95
"LSU",2024,-1.46
"Miami FL",2024,-2.64
"George Mason",2024,-3.27
"UCLA",2024,0.68
"Saint Joseph's",2024,-6.28
"Rutgers",2024,-3
"Charleston",2024,-0.38
"St. Bonaventure",2024,-4.53
"Cornell",2024,0.14
"Vermont",2024,2.3
"Stanford",2024,-1.88
"UAB",2024,1.94
"Seattle",2024,-1.34
"Arkansas",2024,2.08
"Santa Clara",2024,3.88
"Western Carolina",2024,-0.07
"Northern Iowa",2024,6.12
"UT Arlington",2024,9.23
"Hofstra",2024,5.43
"High Point",2024,-4.51
"Belmont",2024,1.36
"Morehead St.",2024,7.73
"Oklahoma St.",2024,-5.58
"Notre Dame",2024,-1.04
"UNC Wilmington",2024,5.67
"Charlotte",2024,2.6
"California",2024,0.57
"Akron",2024,6.16
"Georgia Tech",2024,4.66
"Southern Illinois",2024,-7.08
"Davidson",2024,0.94
"Drexel",2024,0.36
"Arizona St.",2024,6
"Michigan",2024,7.59
"Tarleton St.",2024,5.08
"UC San Diego",2024,-0.76
"Oakland",2024,9.87
"Troy",2024,0.83
"Arkansas St.",2024,2.25
"Youngstown St.",2024,1.16
"Western Kentucky",2024,-3
"Tulane",2024,-3.43
"Liberty",2024,3.12
"South Dakota St.",2024,2.76
"Toledo",2024,4.95
"Chattanooga",2024,-4.36
"Furman",2024,2.08
"Sam Houston St.",2024,2.82
"Ohio",2024,-2.84
"West Virginia",2024,2.81
"Missouri",2024,-1.29
"Towson",2024,1.53
"UNC Greensboro",2024,-0.5
"St. Thomas",2024,-3.85
"Missouri St.",2024,-3.32
"Colgate",2024,6.36
"Louisiana",2024,1.74
"Eastern Washington",2024,8.94
"UMass Lowell",2024,-3.13
"Wichita St.",2024,1.48
"Oregon St.",2024,0.5
"Weber St.",2024,4
"Purdue Fort Wayne",2024,-9.05
"Wright St.",2024,4.09
"Wyoming",2024,2.47
"Murray St.",2024,-0.21
"Longwood",2024,-6.8
"Utah Valley",2024,7.07
"Montana",2024,1.7
"UNC Asheville",2024,3.33
"Long Beach St.",2024,1.29
"Lipscomb",2024,2.21
"Hawaii",2024,-5.31
"Stony Brook",2024,1.1
"Delaware",2024,-0.75
"Stephen F. Austin",2024,-1.02
"Kent St.",2024,3.45
"Quinnipiac",2024,-7.27
"Bryant",2024,3.72
"East Tennessee St.",2024,0.97
"Fairfield",2024,-2.59
"Winthrop",2024,1.19
"UC Davis",2024,-4.2
"UTEP",2024,-0.78
"Illinois St.",2024,-4
"Texas St.",2024,7.12
"Temple",2024,-1.69
"Texas A&M Corpus Chris",2024,1.51
"Vanderbilt",2024,-1.41
"Tulsa",2024,-10.43
"Louisville",2024,-4.31
"Northern Kentucky",2024,4.23
"Loyola Marymount",2024,-1.87
"Fordham",2024,-5.96
"East Carolina",2024,-6.5
"Cal Baptist",2024,-6.14
"Brown",2024,0.09
"Georgetown",2024,-7.21
"Wofford",2024,3.75
"Little Rock",2024,-6.29
"La Salle",2024,-7.42
"Illinois Chicago",2024,-3.02
"Cleveland St.",2024,-1.07
"Monmouth",2024,1.67
"Saint Louis",2024,3.08
"Jacksonville St.",2024,-2.65
"Saint Peter's",2024,0.54
"Northern Colorado",2024,-2.54
"George Washington",2024,-10.51
"Gardner Webb",2024,7.03
"UC Santa Barbara",2024,-4.59
"Rhode Island",2024,0.62
"Abilene Christian",2024,0.49
"Evansville",2024,-6.06
"Mercer",2024,-2.4
"Lamar",2024,-3.27
"Eastern Kentucky",2024,3.14
"Merrimack",2024,3.91
"Penn",2024,2.36
"UMKC",2024,0.07
"Marist",2024,-7.76
"Tennessee Martin",2024,3.03
"UC Riverside",2024,3.72
"Georgia St.",2024,0.23
"Norfolk St.",2024,2.15
"Stetson",2024,4.58
"South Alabama",2024,-5.26
"Milwaukee",2024,1.23
"Montana St.",2024,0.08
"Pepperdine",2024,0.57
"Rider",2024,8.98
"Iona",2024,-0.52
"Radford",2024,0.14
"Harvard",2024,-2.08
"Rice",2024,-0.51
"Green Bay",2024,1.99
"Maine",2024,-1.33
"Columbia",2024,-7.48
"Cal St. Northridge",2024,-7.46
"Nicholls St.",2024,9.64
"Cal St. Fullerton",2024,5.3
"North Dakota",2024,-5.85
"Fresno St.",2024,-4.05
"Marshall",2024,1.92
"Bowling Green",2024,-5.5
"North Florida",2024,1.05
"Florida Gulf Coast",2024,4.75
"Southern Utah",2024,2.06
"Southern Miss",2024,1.18
"Albany",2024,-3.25
"Austin Peay",2024,4.29
"New Hampshire",2024,0.24
"Cal St. Bakersfield",2024,0.4
"San Jose St.",2024,-4.1
"Mount St. Mary's",2024,-5.44
"Northeastern",2024,1.05
"Portland St.",2024,-0.81
"North Alabama",2024,1.97
"North Carolina Central",2024,0.27
"UTSA",2024,-7.12
"The Citadel",2024,-0.34
"San Diego",2024,-4.26
"Miami OH",2024,0.78
"Idaho St.",2024,-1.14
"Grambling St.",2024,15
"Nebraska Omaha",2024,-1.88
"Southern",2024,14.75
"Central Connecticut",2024,-1.48
"Lehigh",2024,7.42
"Air Force",2024,-9.84
"Kennesaw St.",2024,-0.49
"Ball St.",2024,-5.61
"Texas Southern",2024,11.69
"Denver",2024,-1.61
"Queens",2024,5.26
"Western Illinois",2024,1.41
"Presbyterian",2024,-7.22
"Niagara",2024,-3.99
"Jacksonville",2024,0.17
"UMBC",2024,-7.12
"Howard",2024,-0.13
"Bucknell",2024,1.92
"Central Michigan",2024,3.06
"Canisius",2024,5.19
"North Dakota St.",2024,2.72
"Georgia Southern",2024,-0.88
"Utah Tech",2024,0.5
"Middle Tennessee",2024,0.31
"Oral Roberts",2024,6.91
"Binghamton",2024,-4.03
"FIU",2024,-3.01
"SIU Edwardsville",2024,0.9
"Old Dominion",2024,1.58
"USC Upstate",2024,2.72
"Delaware St.",2024,-0.79
"New Mexico St.",2024,6.67
"Tennessee St.",2024,1.2
"Wagner",2024,-1.22
"Sacred Heart",2024,-4.24
"Alcorn St.",2024,15.12
"Chicago St.",2024,-1.34
"American",2024,-5.01
"Boston University",2024,-2.43
"Louisiana Monroe",2024,1.58
"Portland",2024,0.05
"Valparaiso",2024,-4.5
"South Carolina St.",2024,3.97
"Le Moyne",2024,-0.97
"Bethune Cookman",2024,0.23
"DePaul",2024,1.61
"Western Michigan",2024,0.99
"Southeastern Louisiana",2024,6.82
"Robert Morris",2024,-0.79
"Northern Illinois",2024,7.34
"Jackson St.",2024,7.3
"Alabama St.",2024,11.92
"Campbell",2024,-6.85
"Northern Arizona",2024,0.19
"Coastal Carolina",2024,-5.33
"Sacramento St.",2024,2.62
"Charleston Southern",2024,6.55
"Bellarmine",2024,8.48
"Elon",2024,-2.32
"Lafayette",2024,3.05
"William & Mary",2024,-5.78
"Eastern Illinois",2024,3.92
"Idaho",2024,-2.31
"South Dakota",2024,-4.49
"Navy",2024,-5.76
"Alabama A&M",2024,4.77
"Northwestern St.",2024,2.72
"Eastern Michigan",2024,-3.65
"Fairleigh Dickinson",2024,-4.66
"Southern Indiana",2024,5.66
"UT Rio Grande Valley",2024,0.14
"Prairie View A&M",2024,8.61
"Arkansas Pine Bluff",2024,10.56
"Tennessee Tech",2024,2.62
"Texas A&M Commerce",2024,10
"Morgan St.",2024,3.06
"NJIT",2024,-2.32
"Dartmouth",2024,-0.86
"Manhattan",2024,3.08
"Florida A&M",2024,18.88
"Cal Poly",2024,-1.55
"Central Arkansas",2024,-3.68
"Hampton",2024,-3.53
"New Orleans",2024,7.28
"LIU",2024,1.82
"Army",2024,-5.48
"Incarnate Word",2024,-3.16
"North Carolina A&T",2024,1.37
"Maryland Eastern Shore",2024,5.26
"Buffalo",2024,0.9
"Holy Cross",2024,-3.54
"Loyola MD",2024,0.56
"Detroit Mercy",2024,5.91
"Southeast Missouri St.",2024,2.97
"VMI",2024,-3.14
"Saint Francis",2024,-0.45
"Houston Christian",2024,11.7
"Lindenwood",2024,-1.84
"Siena",2024,-0.56
"Pacific",2024,-5.22
"Stonehill",2024,4.1
"IUPUI",2024,-4.33
"Coppin St.",2024,0.66
"Mississippi Valley St.",2024,15.26
"Connecticut",2023,-1.75
"Houston",2023,-0.03
"UCLA",2023,0.15
"Alabama",2023,10.46
"Texas",2023,-0.76
"Tennessee",2023,2.76
"Purdue",2023,0.71
"Gonzaga",2023,7.81
"Kansas",2023,6.59
"Marquette",2023,-1.15
"Arizona",2023,3.12
"Creighton",2023,5.97
"Saint Mary's",2023,3.94
"San Diego St.",2023,6.8
"Xavier",2023,3.4
"Baylor",2023,1.31
"Florida Atlantic",2023,-2.85
"Duke",2023,1.77
"West Virginia",2023,2.18
"Memphis",2023,5.98
"Kansas St.",2023,-3.05
"Arkansas",2023,3.24
"Maryland",2023,-3.9
"Miami FL",2023,-2.67
"TCU",2023,-7.52
"Michigan St.",2023,5.45
"Kentucky",2023,0.53
"Utah St.",2023,2.87
"Iowa St.",2023,-1.36
"Indiana",2023,-3.56
"North Texas",2023,1.23
"Auburn",2023,3.38
"Texas A&M",2023,-2.99
"Virginia",2023,1.52
"Illinois",2023,-6.42
"Penn St.",2023,-4.9
"Boise St.",2023,0.93
"Northwestern",2023,-4.28
"Rutgers",2023,-7.51
"Providence",2023,-8.75
"Iowa",2023,-2.45
"Oregon",2023,5.96
"North Carolina",2023,6.63
"Michigan",2023,-0.01
"USC",2023,1.15
"Oklahoma St.",2023,0.46
"UAB",2023,-4.86
"Liberty",2023,1.21
"Ohio St.",2023,-2.53
"Cincinnati",2023,-2.75
"Villanova",2023,3.84
"N.C. State",2023,-5.02
"Mississippi St.",2023,-3.89
"Oklahoma",2023,3.66
"Arizona St.",2023,0.78
"UCF",2023,-0.58
"Missouri",2023,-5.09
"Seton Hall",2023,2.49
"Pittsburgh",2023,-2.73
"VCU",2023,-1.77
"Wisconsin",2023,0.73
"Nevada",2023,3.34
"Texas Tech",2023,-7.27
"Utah Valley",2023,4.6
"Yale",2023,0.1
"New Mexico",2023,-1.02
"Washington St.",2023,4.5
"Clemson",2023,-5.75
"Drake",2023,-2.18
"Colorado",2023,3.06
"Charleston",2023,-2.34
"Oral Roberts",2023,7.06
"Sam Houston St.",2023,6.49
"Florida",2023,5.34
"Utah",2023,-4.05
"Iona",2023,4.03
"BYU",2023,1.09
"Kent St.",2023,3.04
"Dayton",2023,-2.13
"Virginia Tech",2023,-4.12
"Vanderbilt",2023,1.98
"St. John's",2023,-7.58
"Marshall",2023,-3.82
"Stanford",2023,-0.4
"Santa Clara",2023,0.46
"Wake Forest",2023,-2.32
"Toledo",2023,-1.43
"Louisiana",2023,0.04
"Hofstra",2023,6.77
"Bradley",2023,-0.05
"Princeton",2023,-4.86
"Furman",2023,-2.32
"South Alabama",2023,3.55
"Nebraska",2023,2.04
"UNLV",2023,-3.21
"Saint Louis",2023,3.65
"San Jose St.",2023,-1.51
"James Madison",2023,-4.44
"Southern Miss",2023,-3.81
"Indiana St.",2023,-7.14
"San Francisco",2023,-3.14
"Wichita St.",2023,-2.39
"Tulane",2023,-8.21
"UC Irvine",2023,2.85
"Akron",2023,-1.1
"Charlotte",2023,-7.31
"Washington",2023,-0.7
"Grand Canyon",2023,-0.46
"Loyola Marymount",2023,-0.27
"Colorado St.",2023,1.65
"Southern Utah",2023,4.53
"UC Santa Barbara",2023,-3.31
"Montana St.",2023,4.17
"Vermont",2023,5.54
"Colgate",2023,-1.23
"Middle Tennessee",2023,1.36
"UNC Greensboro",2023,2.96
"Syracuse",2023,-5.77
"Butler",2023,1.05
"Temple",2023,1.26
"Eastern Washington",2023,1.44
"Mississippi",2023,1.18
"Kennesaw St.",2023,4.64
"Cal St. Fullerton",2023,3.3
"Belmont",2023,0.57
"Penn",2023,-0.72
"Towson",2023,-3.65
"Troy",2023,-0.12
"Duquesne",2023,-4.4
"Hawaii",2023,-6.06
"Youngstown St.",2023,-5.76
"Stephen F. Austin",2023,-1.9
"Ohio",2023,-0.38
"UMass Lowell",2023,-12.18
"DePaul",2023,1.82
"Samford",2023,-1.8
"Fordham",2023,-13.35
"Cornell",2023,-4.38
"Southern Illinois",2023,-3.76
"Davidson",2023,-1.65
"Seattle",2023,0.37
"UC Riverside",2023,3.98
"Fresno St.",2023,0.48
"George Mason",2023,-2.04
"South Florida",2023,-7.12
"Utah Tech",2023,3.17
"Air Force",2023,-10.69
"UNC Asheville",2023,-0.7
"Eastern Kentucky",2023,2.71
"Richmond",2023,-2.63
"LSU",2023,-6.56
"UNC Wilmington",2023,3.98
"Lipscomb",2023,-2.68
"Georgia",2023,-7.17
"Cal Baptist",2023,-7.19
"Missouri St.",2023,1.21
"Portland",2023,0.25
"Harvard",2023,-3.04
"UC Davis",2023,-1.17
"Northern Kentucky",2023,4.03
"Georgia Tech",2023,-3.4
"Wyoming",2023,-0.54
"Tarleton St.",2023,6.98
"Montana",2023,2.95
"Louisiana Tech",2023,0.29
"Notre Dame",2023,-3.95
"Long Beach St.",2023,6.53
"Radford",2023,0.96
"Longwood",2023,-7.73
"Boston College",2023,-4.46
"Ball St.",2023,-4.64
"Stetson",2023,6.13
"Western Kentucky",2023,-3.94
"South Dakota St.",2023,8.13
"Brown",2023,-4.26
"Texas A&M Corpus Chris",2023,1.13
"Old Dominion",2023,-1.77
"UTEP",2023,-2.54
"Navy",2023,-1.52
"East Carolina",2023,-8.84
"Appalachian St.",2023,-0.88
"Grambling St.",2023,3.77
"SMU",2023,3.48
"Chattanooga",2023,0.79
"Florida Gulf Coast",2023,0.98
"North Carolina Central",2023,4.86
"New Mexico St.",2023,3.92
"Pepperdine",2023,2.67
"Quinnipiac",2023,-3.46
"Texas St.",2023,-0.98
"Saint Joseph's",2023,-5.34
"Pacific",2023,-4.01
"Abilene Christian",2023,-0.34
"Norfolk St.",2023,-1.92
"Cleveland St.",2023,-0.09
"Weber St.",2023,4.86
"Wright St.",2023,-1.92
"Drexel",2023,-1.42
"Rice",2023,-6.54
"Detroit Mercy",2023,4.65
"St. Bonaventure",2023,-3.9
"St. Thomas",2023,-2.15
"Queens",2023,-3.37
"Gardner Webb",2023,1.33
"Florida St.",2023,2.83
"Rider",2023,-2.7
"Siena",2023,-3.68
"Bryant",2023,1.98
"Georgia Southern",2023,-4
"FIU",2023,-8.29
"Buffalo",2023,5.82
"Massachusetts",2023,-1.06
"Northern Arizona",2023,8.39
"Oregon St.",2023,-7.14
"Northwestern St.",2023,2.23
"Minnesota",2023,-7.8
"George Washington",2023,-5.9
"Howard",2023,-0.01
"Georgetown",2023,-5.44
"North Dakota St.",2023,6.54
"South Carolina",2023,-3.27
"Northern Colorado",2023,4.82
"Northern Iowa",2023,-2.08
"San Diego",2023,-3.01
"La Salle",2023,-2.28
"Campbell",2023,-1.51
"Milwaukee",2023,0.2
"Sacramento St.",2023,2.97
"Murray St.",2023,-1.6
"Mercer",2023,-2.2
"North Florida",2023,5.53
"Wofford",2023,-1.57
"Jacksonville St.",2023,1.3
"Jacksonville",2023,6.78
"Delaware",2023,-0.6
"Western Carolina",2023,-4.16
"Morehead St.",2023,4.31
"Robert Morris",2023,-2.05
"Portland St.",2023,4.76
"Purdue Fort Wayne",2023,-1.86
"UT Arlington",2023,4.26
"SIU Edwardsville",2023,-1.08
"East Tennessee St.",2023,-4.8
"Winthrop",2023,2.11
"Idaho St.",2023,-2.26
"UT Rio Grande Valley",2023,-5.28
"Alcorn St.",2023,8.53
"Army",2023,-8.6
"Canisius",2023,3.18
"Northern Illinois",2023,2.62
"Maryland Eastern Shore",2023,4.59
"UMBC",2023,-8.29
"Loyola Chicago",2023,-4.22
"USC Upstate",2023,2.05
"Rhode Island",2023,-2.72
"North Alabama",2023,-0.26
"Southeast Missouri St.",2023,0.52
"Southeastern Louisiana",2023,5.4
"Niagara",2023,-5.16
"Dartmouth",2023,-3.6
"Fairfield",2023,-1.23
"Bellarmine",2023,5.66
"Nicholls St.",2023,13.29
"Lafayette",2023,3.76
"Fairleigh Dickinson",2023,-7.05
"Boston University",2023,-4.17
"Western Illinois",2023,-3.7
"Miami OH",2023,-2.19
"North Dakota",2023,-0.42
"California",2023,0.86
"Prairie View A&M",2023,5.12
"Oakland",2023,5.05
"Tennessee Martin",2023,-2.63
"American",2023,-8.7
"Marist",2023,-9.93
"UC San Diego",2023,0.72
"Maine",2023,0.32
"UTSA",2023,-6.18
"Mount St. Mary's",2023,-1.98
"Southern",2023,7.68
"Georgia St.",2023,-5.29
"Louisiana Monroe",2023,0.3
"Lehigh",2023,-1.92
"New Hampshire",2023,-5.02
"Southern Indiana",2023,-1.78
"Bowling Green",2023,-6.1
"Arkansas St.",2023,-10.89
"Tennessee Tech",2023,1.69
"Illinois St.",2023,-8.23
"Louisville",2023,1.57
"Tennessee St.",2023,-9.29
"Valparaiso",2023,-5.17
"Chicago St.",2023,1.44
"Cal Poly",2023,-0.56
"Cal St. Bakersfield",2023,-0.06
"Coastal Carolina",2023,-2.89
"South Dakota",2023,1.65
"Denver",2023,-8.87
"High Point",2023,-4.63
"Idaho",2023,-6.69
"Illinois Chicago",2023,-10.43
"Charleston Southern",2023,0.34
"Bucknell",2023,-7.71
"Jackson St.",2023,8.91
"Texas Southern",2023,10.37
"Manhattan",2023,-5.9
"Texas A&M Commerce",2023,1.24
"Saint Peter's",2023,-7.57
"Merrimack",2023,1.24
"Northeastern",2023,-1.55
"Binghamton",2023,-5.07
"Alabama A&M",2023,1.71
"Wagner",2023,-3.07
"UMKC",2023,1.44
"Morgan St.",2023,2.11
"Tulsa",2023,-3.81
"Eastern Michigan",2023,-0.77
"Nebraska Omaha",2023,7.97
"North Carolina A&T",2023,4.75
"William & Mary",2023,0.68
"Little Rock",2023,-0.66
"Arkansas Pine Bluff",2023,13.59
"Western Michigan",2023,0.37
"Austin Peay",2023,0.58
"Loyola MD",2023,-4.66
"Sacred Heart",2023,-7.68
"The Citadel",2023,-3.71
"Stony Brook",2023,1.45
"Cal St. Northridge",2023,-3.33
"NJIT",2023,-4.87
"Stonehill",2023,-0.76
"New Orleans",2023,1.3
"Central Arkansas",2023,-1.8
"Central Michigan",2023,-2.04
"McNeese St.",2023,5.94
"St. Francis PA",2023,-0.82
"Elon",2023,-1.98
"Coppin St.",2023,3.87
"Central Connecticut",2023,-4.4
"Incarnate Word",2023,-2.52
"Columbia",2023,-6.49
"Holy Cross",2023,-6.23
"Lindenwood",2023,1.78
"Presbyterian",2023,-4.13
"South Carolina St.",2023,3.87
"Albany",2023,0.07
"Eastern Illinois",2023,-3.76
"Monmouth",2023,5.7
"Bethune Cookman",2023,-1.05
"Alabama St.",2023,7.66
"Hampton",2023,-2.05
"Evansville",2023,-1.35
"Houston Christian",2023,-0.09
"VMI",2023,-2.16
"St. Francis NY",2023,-9.22
"Delaware St.",2023,1.13
"Mississippi Valley St.",2023,8.58
"Lamar",2023,-2.09
"Florida A&M",2023,12.78
"IUPUI",2023,-7.15
"Green Bay",2023,1.96
"Hartford",2023,-8.93
"LIU",2023,5.79
"Gonzaga",2022,-2.88
"Houston",2022,0.18
"Kansas",2022,4.13
"Baylor",2022,-1.89
"Arizona",2022,-0.78
"Kentucky",2022,-2.72
"Texas Tech",2022,-8.24
"Duke",2022,-4.58
"Tennessee",2022,4.85
"Villanova",2022,8.65
"UCLA",2022,3.67
"Auburn",2022,3.7
"Iowa",2022,-6.82
"Purdue",2022,-3.54
"Texas",2022,-8.15
"North Carolina",2022,3.79
"Saint Mary's",2022,3.31
"Arkansas",2022,-2.78
"Virginia Tech",2022,-0.53
"Illinois",2022,1.39
"LSU",2022,-1.21
"Connecticut",2022,-3.58
"San Francisco",2022,2.23
"Memphis",2022,4.46
"San Diego St.",2022,2.56
"TCU",2022,-5
"Michigan",2022,6.27
"Alabama",2022,10.15
"Loyola Chicago",2022,3.15
"Oklahoma",2022,-2.04
"Ohio St.",2022,2.31
"Providence",2022,0.26
"Texas A&M",2022,-5.58
"Oklahoma St.",2022,0.26
"Wake Forest",2022,-9.39
"Murray St.",2022,4.29
"Wisconsin",2022,2.91
"Notre Dame",2022,2.7
"Boise St.",2022,0.55
"Davidson",2022,-1.98
"Miami FL",2022,0.38
"Michigan St.",2022,3.91
"Iowa St.",2022,-6.84
"Washington St.",2022,-3.37
"Dayton",2022,-1.86
"Colorado St.",2022,-2.32
"USC",2022,-4.72
"Indiana",2022,-6.23
"Mississippi St.",2022,-1.63
"Creighton",2022,-0.67
"UAB",2022,-2.46
"Seton Hall",2022,0.99
"Xavier",2022,0.98
"Vermont",2022,1.92
"St. John's",2022,-7.17
"Marquette",2022,4.04
"North Texas",2022,4.85
"BYU",2022,5.74
"Florida",2022,-2.33
"Utah St.",2022,3.3
"Kansas St.",2022,-4.37
"SMU",2022,-2.73
"VCU",2022,5.47
"Vanderbilt",2022,-0.82
"Wyoming",2022,-1.05
"West Virginia",2022,-0.37
"Chattanooga",2022,1.74
"Saint Louis",2022,2.33
"Syracuse",2022,3.25
"Missouri St.",2022,-3.01
"Clemson",2022,-0.41
"Virginia",2022,-4.06
"Fresno St.",2022,-4.07
"Furman",2022,1.26
"Towson",2022,-1.67
"Santa Clara",2022,-1.82
"Rutgers",2022,-10.43
"St. Bonaventure",2022,1.64
"Colorado",2022,-7.62
"New Mexico St.",2022,3.48
"South Dakota St.",2022,3.6
"Oregon",2022,3.17
"Maryland",2022,-0.52
"Drake",2022,-4.51
"Richmond",2022,2.42
"Belmont",2022,5.3
"Northwestern",2022,-11.01
"Penn St.",2022,-2.83
"Iona",2022,3.66
"UNLV",2022,1.18
"Northern Iowa",2022,4.37
"Middle Tennessee",2022,-1.24
"Grand Canyon",2022,-7
"Wichita St.",2022,1.68
"Toledo",2022,2.05
"Bradley",2022,-2.27
"Arizona St.",2022,8.35
"Tulane",2022,-2
"South Carolina",2022,-0.24
"Louisiana Tech",2022,0.48
"Cincinnati",2022,-5.61
"Saint Peter's",2022,3.97
"DePaul",2022,-7.91
"UCF",2022,-3.64
"Florida St.",2022,0.04
"Stanford",2022,1.52
"Princeton",2022,-4.95
"Mississippi",2022,-1.8
"Minnesota",2022,-3.69
"Washington",2022,-2.3
"Wofford",2022,-0.3
"Western Kentucky",2022,-1.29
"George Mason",2022,-1.26
"Boston College",2022,-6.99
"Nevada",2022,4.11
"Temple",2022,-1.69
"Colgate",2022,2.1
"Morehead St.",2022,3.68
"Utah Valley",2022,2.18
"Hofstra",2022,5.38
"Butler",2022,2
"Utah",2022,-1.26
"Stephen F. Austin",2022,3.09
"Liberty",2022,-0.64
"Southern Illinois",2022,-5.76
"Akron",2022,-4.48
"Louisville",2022,1.52
"N.C. State",2022,-3.18
"Florida Atlantic",2022,-6.79
"Buffalo",2022,5.36
"Abilene Christian",2022,-2.82
"Rhode Island",2022,-3.07
"UC Irvine",2022,6.25
"Ohio",2022,-4.56
"UC Santa Barbara",2022,-10.82
"Texas St.",2022,-1.68
"Missouri",2022,2.07
"Montana St.",2022,-1.34
"Seattle",2022,-9.96
"Nebraska",2022,-3.49
"Delaware",2022,-3.75
"California",2022,-2.67
"Sam Houston St.",2022,3.3
"Charleston",2022,1.38
"Longwood",2022,-7.2
"UNC Wilmington",2022,-5.48
"Yale",2022,0.65
"Jacksonville St.",2022,-0.23
"Wagner",2022,1.43
"Georgia St.",2022,2.05
"Kent St.",2022,0.3
"North Dakota St.",2022,-1.84
"Drexel",2022,0.97
"Cal St. Fullerton",2022,-3.84
"Coastal Carolina",2022,1.52
"Georgia Tech",2022,-6.33
"South Alabama",2022,-1.69
"Monmouth",2022,3.83
"Winthrop",2022,6.22
"Long Beach St.",2022,6.47
"New Mexico",2022,1.6
"Southern Utah",2022,1.55
"Saint Joseph's",2022,-1.92
"Jacksonville",2022,-3.25
"Oral Roberts",2022,2.98
"Appalachian St.",2022,7.01
"Gardner Webb",2022,2.79
"UTEP",2022,-1.74
"Hawaii",2022,-5.4
"VMI",2022,-1.07
"Tulsa",2022,-6.08
"Wright St.",2022,-0.23
"Fordham",2022,-7.43
"Weber St.",2022,-0.42
"Georgetown",2022,-1.94
"Norfolk St.",2022,-4.18
"UC Riverside",2022,2.89
"UNC Greensboro",2022,-3.24
"East Carolina",2022,-8.14
"Portland",2022,-6.58
"Arkansas St.",2022,-5.87
"Samford",2022,-3.97
"Louisiana",2022,-2.11
"Navy",2022,3.83
"Massachusetts",2022,-2.64
"East Tennessee St.",2022,4.22
"Texas Southern",2022,10
"Oakland",2022,8.53
"Bryant",2022,0.01
"Niagara",2022,-1.26
"Illinois St.",2022,-5.48
"Troy",2022,-4.27
"Cornell",2022,-1.64
"Old Dominion",2022,-1.07
"Pittsburgh",2022,0.3
"Mercer",2022,1.46
"Cleveland St.",2022,0.26
"Northern Kentucky",2022,-4.51
"Dartmouth",2022,2.63
"Bellarmine",2022,12.84
"Charlotte",2022,-0.27
"Valparaiso",2022,-5.49
"Loyola Marymount",2022,1.89
"Brown",2022,2.98
"Nicholls St.",2022,0.37
"Fairfield",2022,-7.06
"Marist",2022,-7.54
"Florida Gulf Coast",2022,-5.85
"UNC Asheville",2022,-0.46
"South Dakota",2022,-5.83
"Penn",2022,6.82
"Tarleton St.",2022,8.55
"Campbell",2022,-1.02
"UMKC",2022,0.78
"Southern",2022,6.03
"Northern Colorado",2022,7.4
"Eastern Washington",2022,3.05
"Boston University",2022,-4.55
"Georgia",2022,-2.35
"Rice",2022,-7.26
"UC Davis",2022,-6.92
"UT Arlington",2022,10.44
"Kennesaw St.",2022,6.36
"Rider",2022,-4.83
"Cal Baptist",2022,-9.44
"George Washington",2022,-3.98
"James Madison",2022,-0.08
"Harvard",2022,-4.77
"La Salle",2022,-10.37
"Indiana St.",2022,-0.13
"Quinnipiac",2022,-10.82
"San Diego",2022,-3.22
"Oregon St.",2022,1.69
"Howard",2022,-2.37
"LIU",2022,7.68
"Detroit Mercy",2022,3.93
"Purdue Fort Wayne",2022,-7.49
"Marshall",2022,-0.77
"Siena",2022,-4.61
"UMBC",2022,-2.66
"The Citadel",2022,-5.12
"High Point",2022,3.96
"New Hampshire",2022,-2.53
"Southeast Missouri St.",2022,-3.79
"Texas A&M Corpus Chris",2022,-9.14
"Mount St. Mary's",2022,0.27
"Elon",2022,8.96
"Montana",2022,-6.67
"UMass Lowell",2022,-2.22
"Western Illinois",2022,-5.79
"Stony Brook",2022,-1.28
"South Florida",2022,-3.53
"Georgia Southern",2022,-0.51
"Youngstown St.",2022,-6.97
"Northeastern",2022,-0.05
"Portland St.",2022,-0.22
"Manhattan",2022,-6.38
"Canisius",2022,0.57
"Tennessee Tech",2022,3.56
"Eastern Kentucky",2022,-5.62
"UC San Diego",2022,-4.2
"USC Upstate",2022,3.49
"Presbyterian",2022,3.56
"Lipscomb",2022,3.25
"Alcorn St.",2022,14.22
"Miami OH",2022,-3.73
"Ball St.",2022,-5.98
"Louisiana Monroe",2022,1.34
"Air Force",2022,-8.8
"New Orleans",2022,-3.61
"Loyola MD",2022,-4.7
"North Florida",2022,14.05
"Tennessee St.",2022,-8.23
"Southeastern Louisiana",2022,1.83
"FIU",2022,-11.13
"Cal St. Bakersfield",2022,0.64
"Jackson St.",2022,10.93
"Dixie St.",2022,-1.27
"Pepperdine",2022,-0.66
"Duquesne",2022,-4.07
"Prairie View A&M",2022,16.98
"Hartford",2022,-5.32
"Radford",2022,5.57
"Bowling Green",2022,-8.17
"North Carolina Central",2022,2.14
"Albany",2022,-0.63
"Illinois Chicago",2022,0.62
"San Jose St.",2022,-2.71
"North Carolina A&T",2022,2.74
"Binghamton",2022,-3.08
"Austin Peay",2022,6.69
"Morgan St.",2022,1.87
"Pacific",2022,-3.43
"Denver",2022,-4.8
"Army",2022,-3.99
"Western Carolina",2022,-2.74
"Northern Illinois",2022,0.73
"SIU Edwardsville",2022,-1.82
"Merrimack",2022,-1.8
"Coppin St.",2022,5.5
"UT Rio Grande Valley",2022,-0.31
"Lehigh",2022,-5.47
"Grambling St.",2022,10.22
"Stetson",2022,-0.96
"St. Thomas",2022,-2.16
"South Carolina St.",2022,-4.76
"Tennessee Martin",2022,3.96
"Cal Poly",2022,-2.7
"Florida A&M",2022,8.87
"McNeese St.",2022,4.8
"Alabama St.",2022,10.52
"UTSA",2022,-8.18
"Maryland Eastern Shore",2022,5.06
"Alabama A&M",2022,2.23
"North Alabama",2022,3.9
"Eastern Michigan",2022,0.31
"Sacramento St.",2022,0.88
"Central Michigan",2022,2.93
"Central Arkansas",2022,8.37
"Sacred Heart",2022,-5.41
"Evansville",2022,-2.55
"St. Francis NY",2022,-1.67
"Lafayette",2022,-0.24
"Idaho",2022,2.09
"St. Francis PA",2022,-2.03
"Hampton",2022,-3.05
"Robert Morris",2022,2.68
"Little Rock",2022,3.9
"Western Michigan",2022,4.56
"Northwestern St.",2022,6.27
"American",2022,-3.92
"Cal St. Northridge",2022,0.71
"Bethune Cookman",2022,3.23
"Northern Arizona",2022,0.2
"Milwaukee",2022,-3.67
"Bucknell",2022,-1.51
"Houston Baptist",2022,-1.16
"William & Mary",2022,-2.06
"Idaho St.",2022,1.54
"Chicago St.",2022,-5.14
"Southern Miss",2022,-1.21
"NJIT",2022,-6.65
"Green Bay",2022,2.81
"Nebraska Omaha",2022,3.56
"Fairleigh Dickinson",2022,5.54
"Central Connecticut",2022,-1.44
"Charleston Southern",2022,0.38
"North Dakota",2022,-5.97
"Holy Cross",2022,-4.08
"Lamar",2022,-1
"Columbia",2022,-7.91
"Arkansas Pine Bluff",2022,12.05
"Incarnate Word",2022,1.05
"Maine",2022,1.33
"Mississippi Valley St.",2022,4.98
"Delaware St.",2022,-0.81
"Eastern Illinois",2022,-2.12
"IUPUI",2022,-4.7
"Gonzaga",2021,6.21
"Baylor",2021,-2.83
"Michigan",2021,2.51
"Illinois",2021,10.44
"Houston",2021,2.11
"USC",2021,6.28
"Iowa",2021,-4.9
"Colorado",2021,3.82
"Alabama",2021,9.45
"Loyola Chicago",2021,4.81
"Ohio St.",2021,3.47
"Villanova",2021,8.12
"UCLA",2021,9.87
"Wisconsin",2021,1.24
"Florida St.",2021,4.42
"Oregon",2021,3.72
"Texas Tech",2021,-4.88
"Arkansas",2021,-4.09
"Virginia",2021,0.24
"BYU",2021,10.05
"Connecticut",2021,-1.27
"Creighton",2021,-0.73
"West Virginia",2021,13.77
"LSU",2021,1.13
"Purdue",2021,5.71
"Texas",2021,8.2
"Kansas",2021,10.43
"Tennessee",2021,-0.34
"Arizona",2021,-4.01
"San Diego St.",2021,13.66
"Memphis",2021,1.45
"St. Bonaventure",2021,2.44
"Oklahoma St.",2021,5.81
"North Carolina",2021,8.2
"Maryland",2021,-1.11
"Duke",2021,5.59
"Georgia Tech",2021,-0.96
"Rutgers",2021,-5.69
"Oklahoma",2021,1.93
"Penn St.",2021,11.55
"Florida",2021,8.88
"Syracuse",2021,2.09
"Oregon St.",2021,-4.52
"Utah",2021,-5.46
"Clemson",2021,11.6
"Utah St.",2021,8.2
"Missouri",2021,11.39
"VCU",2021,5.66
"Kentucky",2021,15.29
"Indiana",2021,9.18
"Mississippi",2021,-6.82
"Virginia Tech",2021,0.63
"Saint Louis",2021,-1.43
"Seton Hall",2021,11.86
"Drake",2021,-8.21
"SMU",2021,-8.32
"Stanford",2021,9.76
"UC Santa Barbara",2021,4.03
"Louisville",2021,7.71
"Auburn",2021,6.37
"Boise St.",2021,15.51
"Minnesota",2021,0.16
"Georgetown",2021,4.64
"Michigan St.",2021,-1.03
"Richmond",2021,10.89
"Xavier",2021,2.03
"Mississippi St.",2021,-1.44
"Wichita St.",2021,13.71
"St. John's",2021,-2.94
"Davidson",2021,1.16
"N.C. State",2021,-6.18
"North Texas",2021,6.16
"Wright St.",2021,5.39
"Toledo",2021,5.9
"Saint Mary's",2021,2.91
"Colorado St.",2021,2.76
"Buffalo",2021,2.4
"Washington St.",2021,-8.58
"Northwestern",2021,-18.34
"Providence",2021,7.01
"Ohio",2021,1.2
"Louisiana Tech",2021,-8.57
"Marquette",2021,7.66
"Abilene Christian",2021,4.93
"Notre Dame",2021,13.83
"Arizona St.",2021,9.16
"Dayton",2021,4.29
"Missouri St.",2021,-12.01
"Colgate",2021,-99
"Pepperdine",2021,9.71
"Nevada",2021,7.37
"Marshall",2021,0.58
"San Francisco",2021,5.87
"Loyola Marymount",2021,6.76
"Georgia",2021,-6.05
"Furman",2021,2.7
"Pittsburgh",2021,-4.78
"Liberty",2021,1.58
"Western Kentucky",2021,10.37
"UCF",2021,24.7
"Winthrop",2021,4.18
"UAB",2021,-12.09
"Grand Canyon",2021,2.54
"Vanderbilt",2021,-3.13
"Eastern Washington",2021,21.28
"UC Riverside",2021,0.78
"UC Irvine",2021,6.68
"UNC Greensboro",2021,-2.78
"Nebraska",2021,5.6
"Belmont",2021,-5.87
"Rhode Island",2021,11.37
"Akron",2021,20.9
"South Dakota St.",2021,8.01
"California",2021,3.18
"Kent St.",2021,8.03
"Cincinnati",2021,9.57
"Pacific",2021,5.11
"Massachusetts",2021,0.22
"Indiana St.",2021,8.52
"Butler",2021,-0.56
"Tulsa",2021,-3.27
"Weber St.",2021,6.57
"Yale",2021,-99
"South Carolina",2021,9.09
"Oral Roberts",2021,22.06
"Duquesne",2021,2.39
"Wofford",2021,6.31
"East Tennessee St.",2021,4.67
"Washington",2021,11.85
"Bowling Green",2021,1.52
"Mercer",2021,1.56
"Cal St. Bakersfield",2021,3.8
"Vermont",2021,-99
"Morehead St.",2021,16.21
"Southern Utah",2021,-0.64
"UTEP",2021,20.55
"Texas A&M",2021,-5.63
"Miami FL",2021,-7.27
"North Dakota St.",2021,10.84
"TCU",2021,0.6
"DePaul",2021,-8.6
"George Mason",2021,-4.89
"Temple",2021,-13.51
"Tulane",2021,-14.54
"Santa Clara",2021,0.73
"Bradley",2021,6.06
"Kansas St.",2021,-1.47
"Boston College",2021,12.89
"Ball St.",2021,3.81
"New Mexico St.",2021,-3.53
"Stephen F. Austin",2021,-2.05
"Old Dominion",2021,5.55
"VMI",2021,5.01
"Georgia St.",2021,4.62
"East Carolina",2021,-6.89
"Chattanooga",2021,-3.51
"Miami OH",2021,-0.46
"Drexel",2021,-5.75
"South Dakota",2021,10.69
"UTSA",2021,5.87
"Detroit",2021,8.53
"Jacksonville St.",2021,4.66
"Northern Iowa",2021,14.82
"Wyoming",2021,-11.7
"Princeton",2021,-99
"Navy",2021,7.37
"Bellarmine",2021,7.14
"Northeastern",2021,15.12
"Cleveland St.",2021,20.35
"South Florida",2021,2.23
"Iowa St.",2021,4.15
"UMBC",2021,-3.4
"Murray St.",2021,-3.47
"Eastern Kentucky",2021,-7.97
"Wake Forest",2021,-17.91
"UNLV",2021,13.13
"James Madison",2021,-0.26
"Iona",2021,-0.54
"Coastal Carolina",2021,-13.04
"Sam Houston St.",2021,15.53
"Florida Atlantic",2021,-0.22
"Gardner Webb",2021,12.76
"Texas St.",2021,-7.87
"Harvard",2021,-99
"Bryant",2021,4.63
"Siena",2021,-99
"Hawaii",2021,-99
"Rice",2021,-11.86
"Montana",2021,19.82
"Hofstra",2021,5.15
"Fresno St.",2021,-99
"Southern Illinois",2021,-4.3
"Valparaiso",2021,5.09
"Hartford",2021,-0.17
"San Diego",2021,9.58
"Nicholls St.",2021,8.56
"Army",2021,2.78
"Illinois St.",2021,1.99
"Utah Valley",2021,12.48
"La Salle",2021,5.97
"Louisiana",2021,-1.65
"Saint Joseph's",2021,15.47
"UMKC",2021,11.29
"Evansville",2021,-4.4
"Elon",2021,-4.32
"Northern Kentucky",2021,3.87
"Montana St.",2021,5.66
"Texas Southern",2021,14.62
"UC Davis",2021,-0.67
"Norfolk St.",2021,-0.76
"Campbell",2021,-1.81
"Appalachian St.",2021,5.52
"Seattle",2021,-1.33
"Loyola MD",2021,-99
"Austin Peay",2021,-1.46
"Milwaukee",2021,0.69
"South Alabama",2021,-1.13
"The Citadel",2021,-10.53
"Penn",2021,-99
"Cornell",2021,-99
"Oakland",2021,19.69
"Saint Peter's",2021,3.94
"Morgan St.",2021,0.09
"Wagner",2021,19.76
"Delaware",2021,-2.15
"Monmouth",2021,-3.73
"George Washington",2021,-6.36
"Northern Colorado",2021,14.75
"Cal Baptist",2021,-8.93
"UMass Lowell",2021,12.68
"UC San Diego",2021,6.01
"Charleston",2021,2.49
"Stetson",2021,8.03
"Charlotte",2021,-4.6
"Prairie View A&M",2021,7.32
"Stony Brook",2021,2.2
"Mount St. Mary's",2021,11.14
"Lipscomb",2021,3.14
"Little Rock",2021,3.86
"Albany",2021,-3.88
"Western Carolina",2021,-3.78
"Long Beach St.",2021,4.92
"Radford",2021,8.22
"UNC Asheville",2021,-4.57
"Portland St.",2021,10.17
"Youngstown St.",2021,-9.99
"Longwood",2021,1.92
"UNC Wilmington",2021,-2.07
"Brown",2021,-99
"Niagara",2021,10.14
"Canisius",2021,-99
"Arkansas St.",2021,8.54
"UT Arlington",2021,12.89
"Sacramento St.",2021,4.37
"Cal St. Fullerton",2021,-1.35
"Southern Miss",2021,-5.63
"Green Bay",2021,13.51
"Idaho St.",2021,5.63
"Cal St. Northridge",2021,3.97
"Boston University",2021,-99
"Tarleton St.",2021,11.46
"Lafayette",2021,-99
"IUPUI",2021,-15.79
"Samford",2021,-3.32
"Jackson St.",2021,13.02
"Marist",2021,-13.45
"American",2021,-99
"New Hampshire",2021,-4.42
"Southeast Missouri St.",2021,-0.5
"Georgia Southern",2021,-1.33
"LIU",2021,-99
"North Dakota",2021,5.95
"North Alabama",2021,2.8
"Western Michigan",2021,5.17
"Dartmouth",2021,-99
"Bucknell",2021,-99
"Florida A&M",2021,13.05
"New Orleans",2021,2.41
"Florida Gulf Coast",2021,-5.02
"Purdue Fort Wayne",2021,-19.28
"Central Michigan",2021,-6.06
"UT Rio Grande Valley",2021,-1.17
"North Carolina A&T",2021,2.87
"High Point",2021,0.18
"Quinnipiac",2021,-5.16
"Columbia",2021,-99
"Merrimack",2021,-99
"Illinois Chicago",2021,-1.09
"Eastern Michigan",2021,18.07
"Western Illinois",2021,-0.24
"Coppin St.",2021,7.19
"FIU",2021,-7.66
"Jacksonville",2021,-4.87
"New Mexico",2021,-4.14
"NJIT",2021,-0.5
"Louisiana Monroe",2021,-2.77
"North Florida",2021,4.38
"Towson",2021,8.63
"Fairleigh Dickinson",2021,3.84
"Nebraska Omaha",2021,10.2
"St. Francis NY",2021,-6.68
"William & Mary",2021,0.32
"Robert Morris",2021,8.17
"Holy Cross",2021,-99
"Troy",2021,3.59
"Middle Tennessee",2021,0.99
"Lamar",2021,2.64
"Southern",2021,17.22
"Fairfield",2021,-0.56
"Fordham",2021,-99
"Eastern Illinois",2021,2.66
"St. Francis PA",2021,13.07
"Tennessee Tech",2021,10.77
"Howard",2021,-1.12
"Manhattan",2021,-19.54
"Rider",2021,10.52
"Northwestern St.",2021,15.36
"Grambling St.",2021,8.61
"Northern Arizona",2021,12.79
"Tennessee St.",2021,-2.67
"Portland",2021,3.26
"USC Upstate",2021,7.84
"SIU Edwardsville",2021,3.48
"Sacred Heart",2021,22.79
"Binghamton",2021,-8.19
"Presbyterian",2021,-10.52
"Hampton",2021,-3.36
"Dixie St.",2021,-2.47
"Cal Poly",2021,-0.1
"North Carolina Central",2021,12.85
"Central Arkansas",2021,21.14
"Air Force",2021,-2.18
"San Jose St.",2021,2.69
"Lehigh",2021,-99
"Kennesaw St.",2021,8.8
"Southeastern Louisiana",2021,5.34
"Northern Illinois",2021,-5.23
"Denver",2021,-5.27
"Charleston Southern",2021,1.74
"McNeese St.",2021,6.78
"Houston Baptist",2021,11.53
"Alcorn St.",2021,22.33
"Incarnate Word",2021,7.53
"Texas A&M Corpus Chris",2021,3.71
"Central Connecticut",2021,7.82
"Maine",2021,6.69
"Tennessee Martin",2021,-0.86
"Alabama A&M",2021,-5.52
"Bethune Cookman",2021,-99
"Idaho",2021,15.56
"Arkansas Pine Bluff",2021,15.77
"Delaware St.",2021,2.33
"South Carolina St.",2021,2.06
"Alabama St.",2021,-99
"Maryland Eastern Shore",2021,-99
"Chicago St.",2021,9.06
"Mississippi Valley St.",2021,16.42
